{
"lengthUnit": "mil",
"components": {
	"fields": ["COMPONENT_NO", "COMPONENT_NAME", "LAYER", "X_COORDINATE", "Y_COORDINATE", "ANGLE"],
	"rows": [
		[1, "%E5%A4%96%E6%8E%A5%E9%94%82%E7%94%B5%E6%B1%A0", "T", 2895, -470, 90],
		[2, "C1", "T", 1995, -1715, 90],
		[3, "C1", "T", 2115, -1965, 270],
		[4, "C1", "T", 351.26, -983.33, 180],
		[5, "C1", "T", 351.26, -1230, 180],
		[6, "C1", "T", 351.26, -1106.67, 180],
		[7, "C1", "T", 2120, -1445, 270],
		[8, "C1", "T", 1995, -1445, 270],
		[9, "C1N1", "T", 2120, -1715, 90],
		[10, "C2", "T", 1995, -1965, 270],
		[11, "C2", "T", 351.26, -860, 180],
		[12, "C2N1", "T", 1870, -1445, 270],
		[13, "H10", "T", 155, -1050, 270],
		[14, "H11", "T", 2330, -1870, 90],
		[15, "H14", "T", 610, -1060, 90],
		[16, "H17", "T", 1705, -1060, 270],
		[17, "H18", "T", 2908.36, -1670.09, 90],
		[18, "H23", "T", 220, -475, 90],
		[19, "H23N1", "T", 210, -1630, 90],
		[20, "H25", "T", 370, -475, 90],
		[21, "H26", "T", 360, -1630, 90],
		[22, "LED1", "T", 1865, -1715, 270],
		[23, "LED2", "T", 275, -95, 0],
		[24, "LED3", "T", 275, -2025, 0],
		[25, "LED4", "T", 1840, -1130, 90],
		[26, "LED5", "T", 2785, -2024.21, 180],
		[27, "LED6", "T", 2785, -95, 180],
		[28, "MIC", "T", 2355, -1490, 0],
		[29, "R1", "T", 1865, -1970, 90],
		[30, "R2", "T", 440.98, -95, 180],
		[31, "R3", "T", 440.98, -2023.1, 180],
		[32, "R4", "T", 1835.63, -956.89, 270],
		[33, "R5", "T", 2616.91, -2023.1, 0],
		[34, "R6", "T", 2616.91, -95, 0],
		[35, "SPK", "T", 2655, -1490, 0],
		[36, "SW1", "T", 2145, -1055, 180],
		[37, "U1", "T", 1155, -1060, 90],
		[38, "U6", "T", 2435, -850, 270],
		[39, "U8", "T", 2540, -695, 90]
	]
},
"pins": {
	"fields": ["PIN_NO", "PIN_NAME", "PIN_X", "PIN_Y", "LAYER", "PIN_TYPE", "NET_NAME", "NET_TYPE", "PAD_SHAPE", "PAD_SIZEX", "PAD_SIZEY", "HOLE_SIZE", "PAD_ANGLE"],
	"rows": [
		[1, "%25E5%25A4%2596%25E6%258E%25A5%25E9%2594%2582%25E7%2594%25B5%25E6%25B1%25A0_1", 2895, -430.63, "T", "DIP", "BGND", "", "C", 62.99, 62.99, 35.43, 270],
		[2, "%25E5%25A4%2596%25E6%258E%25A5%25E9%2594%2582%25E7%2594%25B5%25E6%25B1%25A0_1", 2895, -430.63, "B", "DIP", "BGND", "", "C", 62.99, 62.99, 35.43, 270],
		[3, "%25E5%25A4%2596%25E6%258E%25A5%25E9%2594%2582%25E7%2594%25B5%25E6%25B1%25A0_2", 2895, -509.37, "T", "DIP", "BVCC", "", "C", 62.99, 62.99, 35.43, 270],
		[4, "%25E5%25A4%2596%25E6%258E%25A5%25E9%2594%2582%25E7%2594%25B5%25E6%25B1%25A0_2", 2895, -509.37, "B", "DIP", "BVCC", "", "C", 62.99, 62.99, 35.43, 270],
		[5, "C1_1", 1995, -1754.37, "T", "SMD", "GND", "GND", "R", 55.51, 53.15, 0, 90],
		[6, "C1_2", 1995, -1675.63, "T", "SMD", "5V", "", "R", 55.51, 53.15, 0, 90],
		[7, "C1_1", 2115, -1925.63, "T", "SMD", "GND", "GND", "R", 55.51, 53.15, 0, 270],
		[8, "C1_2", 2115, -2004.37, "T", "SMD", "3.3V", "", "R", 55.51, 53.15, 0, 270],
		[9, "C1_1", 390.63, -983.33, "T", "SMD", "GND", "GND", "R", 55.51, 53.15, 0, 180],
		[10, "C1_2", 311.89, -983.33, "T", "SMD", "5V", "", "R", 55.51, 53.15, 0, 180],
		[11, "C1_1", 390.63, -1230, "T", "SMD", "GND", "GND", "R", 55.51, 53.15, 0, 180],
		[12, "C1_2", 311.89, -1230, "T", "SMD", "5V", "", "R", 55.51, 53.15, 0, 180],
		[13, "C1_1", 390.63, -1106.67, "T", "SMD", "GND", "GND", "R", 55.51, 53.15, 0, 180],
		[14, "C1_2", 311.89, -1106.67, "T", "SMD", "5V", "", "R", 55.51, 53.15, 0, 180],
		[15, "C1_1", 2120, -1405.63, "T", "SMD", "GND", "GND", "R", 55.51, 53.15, 0, 270],
		[16, "C1_2", 2120, -1484.37, "T", "SMD", "5V", "", "R", 55.51, 53.15, 0, 270],
		[17, "C1_1", 1995, -1405.63, "T", "SMD", "GND", "GND", "R", 55.51, 53.15, 0, 270],
		[18, "C1_2", 1995, -1484.37, "T", "SMD", "5V", "", "R", 55.51, 53.15, 0, 270],
		[19, "C1N1_1", 2120, -1754.37, "T", "SMD", "GND", "GND", "R", 55.51, 53.15, 0, 90],
		[20, "C1N1_2", 2120, -1675.63, "T", "SMD", "5V", "", "R", 55.51, 53.15, 0, 90],
		[21, "C2_1", 1995, -1925.63, "T", "SMD", "GND", "GND", "R", 55.51, 53.15, 0, 270],
		[22, "C2_2", 1995, -2004.37, "T", "SMD", "3.3V", "", "R", 55.51, 53.15, 0, 270],
		[23, "C2_1", 390.63, -860, "T", "SMD", "GND", "GND", "R", 55.51, 53.15, 0, 180],
		[24, "C2_2", 311.89, -860, "T", "SMD", "5V", "", "R", 55.51, 53.15, 0, 180],
		[25, "C2N1_1", 1870, -1405.63, "T", "SMD", "GND", "GND", "R", 55.51, 53.15, 0, 270],
		[26, "C2N1_2", 1870, -1484.37, "T", "SMD", "5V", "", "R", 55.51, 53.15, 0, 270],
		[27, "H10_1", 155, -900, "T", "DIP", "GND", "GND", "R", 66.93, 66.93, 43.31, 270],
		[28, "H10_1", 155, -900, "B", "DIP", "GND", "GND", "R", 66.93, 66.93, 43.31, 270],
		[29, "H10_2", 155, -1000, "T", "DIP", "3.3V", "", "C", 66.93, 66.93, 43.31, 270],
		[30, "H10_2", 155, -1000, "B", "DIP", "3.3V", "", "C", 66.93, 66.93, 43.31, 270],
		[31, "H10_3", 155, -1100, "T", "DIP", "PB8", "", "C", 66.93, 66.93, 43.31, 270],
		[32, "H10_3", 155, -1100, "B", "DIP", "PB8", "", "C", 66.93, 66.93, 43.31, 270],
		[33, "H10_4", 155, -1200, "T", "DIP", "PB9", "", "C", 66.93, 66.93, 43.31, 270],
		[34, "H10_4", 155, -1200, "B", "DIP", "PB9", "", "C", 66.93, 66.93, 43.31, 270],
		[35, "H11_1", 2330, -2020, "T", "DIP", "3.3V", "", "R", 66.93, 66.93, 43.31, 90],
		[36, "H11_1", 2330, -2020, "B", "DIP", "3.3V", "", "R", 66.93, 66.93, 43.31, 90],
		[37, "H11_2", 2330, -1920, "T", "DIP", "GND", "GND", "C", 66.93, 66.93, 43.31, 90],
		[38, "H11_2", 2330, -1920, "B", "DIP", "GND", "GND", "C", 66.93, 66.93, 43.31, 90],
		[39, "H11_3", 2330, -1820, "T", "DIP", "PB11", "", "C", 66.93, 66.93, 43.31, 90],
		[40, "H11_3", 2330, -1820, "B", "DIP", "PB11", "", "C", 66.93, 66.93, 43.31, 90],
		[41, "H11_4", 2330, -1720, "T", "DIP", "PB10", "", "C", 66.93, 66.93, 43.31, 90],
		[42, "H11_4", 2330, -1720, "B", "DIP", "PB10", "", "C", 66.93, 66.93, 43.31, 90],
		[43, "H14_1", 610, -2010, "T", "DIP", "GND", "GND", "R", 70.87, 70.87, 47.24, 90],
		[44, "H14_1", 610, -2010, "B", "DIP", "GND", "GND", "R", 70.87, 70.87, 47.24, 90],
		[45, "H14_2", 610, -1910, "T", "DIP", "GND", "GND", "C", 70.87, 70.87, 47.24, 90],
		[46, "H14_2", 610, -1910, "B", "DIP", "GND", "GND", "C", 70.87, 70.87, 47.24, 90],
		[47, "H14_3", 610, -1810, "T", "DIP", "3.3V", "", "C", 70.87, 70.87, 47.24, 90],
		[48, "H14_3", 610, -1810, "B", "DIP", "3.3V", "", "C", 70.87, 70.87, 47.24, 90],
		[49, "H14_4", 610, -1710, "T", "DIP", "NRST", "", "C", 70.87, 70.87, 47.24, 90],
		[50, "H14_4", 610, -1710, "B", "DIP", "NRST", "", "C", 70.87, 70.87, 47.24, 90],
		[51, "H14_5", 610, -1610, "T", "DIP", "PB11", "", "C", 70.87, 70.87, 47.24, 90],
		[52, "H14_5", 610, -1610, "B", "DIP", "PB11", "", "C", 70.87, 70.87, 47.24, 90],
		[53, "H14_6", 610, -1510, "T", "DIP", "PB10", "", "C", 70.87, 70.87, 47.24, 90],
		[54, "H14_6", 610, -1510, "B", "DIP", "PB10", "", "C", 70.87, 70.87, 47.24, 90],
		[55, "H14_7", 610, -1410, "T", "DIP", "PB1", "", "C", 70.87, 70.87, 47.24, 90],
		[56, "H14_7", 610, -1410, "B", "DIP", "PB1", "", "C", 70.87, 70.87, 47.24, 90],
		[57, "H14_8", 610, -1310, "T", "DIP", "PB0", "", "C", 70.87, 70.87, 47.24, 90],
		[58, "H14_8", 610, -1310, "B", "DIP", "PB0", "", "C", 70.87, 70.87, 47.24, 90],
		[59, "H14_9", 610, -1210, "T", "DIP", "PA7", "", "C", 70.87, 70.87, 47.24, 90],
		[60, "H14_9", 610, -1210, "B", "DIP", "PA7", "", "C", 70.87, 70.87, 47.24, 90],
		[61, "H14_10", 610, -1110, "T", "DIP", "PA6", "", "C", 70.87, 70.87, 47.24, 90],
		[62, "H14_10", 610, -1110, "B", "DIP", "PA6", "", "C", 70.87, 70.87, 47.24, 90],
		[63, "H14_11", 610, -1010, "T", "DIP", "PA5", "", "C", 70.87, 70.87, 47.24, 90],
		[64, "H14_11", 610, -1010, "B", "DIP", "PA5", "", "C", 70.87, 70.87, 47.24, 90],
		[65, "H14_12", 610, -910, "T", "DIP", "PA4", "", "C", 70.87, 70.87, 47.24, 90],
		[66, "H14_12", 610, -910, "B", "DIP", "PA4", "", "C", 70.87, 70.87, 47.24, 90],
		[67, "H14_13", 610, -810, "T", "DIP", "PA3", "", "C", 70.87, 70.87, 47.24, 90],
		[68, "H14_13", 610, -810, "B", "DIP", "PA3", "", "C", 70.87, 70.87, 47.24, 90],
		[69, "H14_14", 610, -710, "T", "DIP", "PA2", "", "C", 70.87, 70.87, 47.24, 90],
		[70, "H14_14", 610, -710, "B", "DIP", "PA2", "", "C", 70.87, 70.87, 47.24, 90],
		[71, "H14_15", 610, -610, "T", "DIP", "PA1", "", "C", 70.87, 70.87, 47.24, 90],
		[72, "H14_15", 610, -610, "B", "DIP", "PA1", "", "C", 70.87, 70.87, 47.24, 90],
		[73, "H14_16", 610, -510, "T", "DIP", "PA0", "", "C", 70.87, 70.87, 47.24, 90],
		[74, "H14_16", 610, -510, "B", "DIP", "PA0", "", "C", 70.87, 70.87, 47.24, 90],
		[75, "H14_17", 610, -410, "T", "DIP", "PC15", "", "C", 70.87, 70.87, 47.24, 90],
		[76, "H14_17", 610, -410, "B", "DIP", "PC15", "", "C", 70.87, 70.87, 47.24, 90],
		[77, "H14_18", 610, -310, "T", "DIP", "PC14", "", "C", 70.87, 70.87, 47.24, 90],
		[78, "H14_18", 610, -310, "B", "DIP", "PC14", "", "C", 70.87, 70.87, 47.24, 90],
		[79, "H14_19", 610, -210, "T", "DIP", "PC13", "", "C", 70.87, 70.87, 47.24, 90],
		[80, "H14_19", 610, -210, "B", "DIP", "PC13", "", "C", 70.87, 70.87, 47.24, 90],
		[81, "H14_20", 610, -110, "T", "DIP", "3.3V", "", "C", 70.87, 70.87, 47.24, 90],
		[82, "H14_20", 610, -110, "B", "DIP", "3.3V", "", "C", 70.87, 70.87, 47.24, 90],
		[83, "H17_1", 1705, -110, "T", "DIP", "3.3V", "", "R", 70.87, 70.87, 47.24, 270],
		[84, "H17_1", 1705, -110, "B", "DIP", "3.3V", "", "R", 70.87, 70.87, 47.24, 270],
		[85, "H17_2", 1705, -210, "T", "DIP", "GND", "GND", "C", 70.87, 70.87, 47.24, 270],
		[86, "H17_2", 1705, -210, "B", "DIP", "GND", "GND", "C", 70.87, 70.87, 47.24, 270],
		[87, "H17_3", 1705, -310, "T", "DIP", "5V", "", "C", 70.87, 70.87, 47.24, 270],
		[88, "H17_3", 1705, -310, "B", "DIP", "5V", "", "C", 70.87, 70.87, 47.24, 270],
		[89, "H17_4", 1705, -410, "T", "DIP", "PB9", "", "C", 70.87, 70.87, 47.24, 270],
		[90, "H17_4", 1705, -410, "B", "DIP", "PB9", "", "C", 70.87, 70.87, 47.24, 270],
		[91, "H17_5", 1705, -510, "T", "DIP", "PB8", "", "C", 70.87, 70.87, 47.24, 270],
		[92, "H17_5", 1705, -510, "B", "DIP", "PB8", "", "C", 70.87, 70.87, 47.24, 270],
		[93, "H17_6", 1705, -610, "T", "DIP", "PB7", "", "C", 70.87, 70.87, 47.24, 270],
		[94, "H17_6", 1705, -610, "B", "DIP", "PB7", "", "C", 70.87, 70.87, 47.24, 270],
		[95, "H17_7", 1705, -710, "T", "DIP", "PB6", "", "C", 70.87, 70.87, 47.24, 270],
		[96, "H17_7", 1705, -710, "B", "DIP", "PB6", "", "C", 70.87, 70.87, 47.24, 270],
		[97, "H17_8", 1705, -810, "T", "DIP", "PB5", "", "C", 70.87, 70.87, 47.24, 270],
		[98, "H17_8", 1705, -810, "B", "DIP", "PB5", "", "C", 70.87, 70.87, 47.24, 270],
		[99, "H17_9", 1705, -910, "T", "DIP", "PB4", "", "C", 70.87, 70.87, 47.24, 270],
		[100, "H17_9", 1705, -910, "B", "DIP", "PB4", "", "C", 70.87, 70.87, 47.24, 270],
		[101, "H17_10", 1705, -1010, "T", "DIP", "PB3", "", "C", 70.87, 70.87, 47.24, 270],
		[102, "H17_10", 1705, -1010, "B", "DIP", "PB3", "", "C", 70.87, 70.87, 47.24, 270],
		[103, "H17_11", 1705, -1110, "T", "DIP", "PA15", "", "C", 70.87, 70.87, 47.24, 270],
		[104, "H17_11", 1705, -1110, "B", "DIP", "PA15", "", "C", 70.87, 70.87, 47.24, 270],
		[105, "H17_12", 1705, -1210, "T", "DIP", "PA12", "", "C", 70.87, 70.87, 47.24, 270],
		[106, "H17_12", 1705, -1210, "B", "DIP", "PA12", "", "C", 70.87, 70.87, 47.24, 270],
		[107, "H17_13", 1705, -1310, "T", "DIP", "PA11", "", "C", 70.87, 70.87, 47.24, 270],
		[108, "H17_13", 1705, -1310, "B", "DIP", "PA11", "", "C", 70.87, 70.87, 47.24, 270],
		[109, "H17_14", 1705, -1410, "T", "DIP", "PA10", "", "C", 70.87, 70.87, 47.24, 270],
		[110, "H17_14", 1705, -1410, "B", "DIP", "PA10", "", "C", 70.87, 70.87, 47.24, 270],
		[111, "H17_15", 1705, -1510, "T", "DIP", "PA9", "", "C", 70.87, 70.87, 47.24, 270],
		[112, "H17_15", 1705, -1510, "B", "DIP", "PA9", "", "C", 70.87, 70.87, 47.24, 270],
		[113, "H17_16", 1705, -1610, "T", "DIP", "PA8", "", "C", 70.87, 70.87, 47.24, 270],
		[114, "H17_16", 1705, -1610, "B", "DIP", "PA8", "", "C", 70.87, 70.87, 47.24, 270],
		[115, "H17_17", 1705, -1710, "T", "DIP", "PB15", "", "C", 70.87, 70.87, 47.24, 270],
		[116, "H17_17", 1705, -1710, "B", "DIP", "PB15", "", "C", 70.87, 70.87, 47.24, 270],
		[117, "H17_18", 1705, -1810, "T", "DIP", "PB14", "", "C", 70.87, 70.87, 47.24, 270],
		[118, "H17_18", 1705, -1810, "B", "DIP", "PB14", "", "C", 70.87, 70.87, 47.24, 270],
		[119, "H17_19", 1705, -1910, "T", "DIP", "PB13", "", "C", 70.87, 70.87, 47.24, 270],
		[120, "H17_19", 1705, -1910, "B", "DIP", "PB13", "", "C", 70.87, 70.87, 47.24, 270],
		[121, "H17_20", 1705, -2010, "T", "DIP", "PB12", "", "C", 70.87, 70.87, 47.24, 270],
		[122, "H17_20", 1705, -2010, "B", "DIP", "PB12", "", "C", 70.87, 70.87, 47.24, 270],
		[123, "H18_1", 2908.36, -1820.09, "T", "DIP", "5V", "", "R", 66.93, 66.93, 43.31, 90],
		[124, "H18_1", 2908.36, -1820.09, "B", "DIP", "5V", "", "R", 66.93, 66.93, 43.31, 90],
		[125, "H18_2", 2908.36, -1720.09, "T", "DIP", "PA10", "", "C", 66.93, 66.93, 43.31, 90],
		[126, "H18_2", 2908.36, -1720.09, "B", "DIP", "PA10", "", "C", 66.93, 66.93, 43.31, 90],
		[127, "H18_3", 2908.36, -1620.09, "T", "DIP", "PA9", "", "C", 66.93, 66.93, 43.31, 90],
		[128, "H18_3", 2908.36, -1620.09, "B", "DIP", "PA9", "", "C", 66.93, 66.93, 43.31, 90],
		[129, "H18_4", 2908.36, -1520.09, "T", "DIP", "GND", "GND", "C", 66.93, 66.93, 43.31, 90],
		[130, "H18_4", 2908.36, -1520.09, "B", "DIP", "GND", "GND", "C", 66.93, 66.93, 43.31, 90],
		[131, "H23_1", 270, -675, "T", "DIP", "5V", "", "R", 66.93, 66.93, 43.31, 90],
		[132, "H23_1", 270, -675, "B", "DIP", "5V", "", "R", 66.93, 66.93, 43.31, 90],
		[133, "H23_2", 170, -675, "T", "DIP", "GND", "GND", "C", 66.93, 66.93, 43.31, 90],
		[134, "H23_2", 170, -675, "B", "DIP", "GND", "GND", "C", 66.93, 66.93, 43.31, 90],
		[135, "H23_3", 270, -575, "T", "DIP", "5V", "", "C", 66.93, 66.93, 43.31, 90],
		[136, "H23_3", 270, -575, "B", "DIP", "5V", "", "C", 66.93, 66.93, 43.31, 90],
		[137, "H23_4", 170, -575, "T", "DIP", "GND", "GND", "C", 66.93, 66.93, 43.31, 90],
		[138, "H23_4", 170, -575, "B", "DIP", "GND", "GND", "C", 66.93, 66.93, 43.31, 90],
		[139, "H23_5", 270, -475, "T", "DIP", "5V", "", "C", 66.93, 66.93, 43.31, 90],
		[140, "H23_5", 270, -475, "B", "DIP", "5V", "", "C", 66.93, 66.93, 43.31, 90],
		[141, "H23_6", 170, -475, "T", "DIP", "GND", "GND", "C", 66.93, 66.93, 43.31, 90],
		[142, "H23_6", 170, -475, "B", "DIP", "GND", "GND", "C", 66.93, 66.93, 43.31, 90],
		[143, "H23_7", 270, -375, "T", "DIP", "5V", "", "C", 66.93, 66.93, 43.31, 90],
		[144, "H23_7", 270, -375, "B", "DIP", "5V", "", "C", 66.93, 66.93, 43.31, 90],
		[145, "H23_8", 170, -375, "T", "DIP", "GND", "GND", "C", 66.93, 66.93, 43.31, 90],
		[146, "H23_8", 170, -375, "B", "DIP", "GND", "GND", "C", 66.93, 66.93, 43.31, 90],
		[147, "H23_9", 270, -275, "T", "DIP", "5V", "", "C", 66.93, 66.93, 43.31, 90],
		[148, "H23_9", 270, -275, "B", "DIP", "5V", "", "C", 66.93, 66.93, 43.31, 90],
		[149, "H23_10", 170, -275, "T", "DIP", "GND", "GND", "C", 66.93, 66.93, 43.31, 90],
		[150, "H23_10", 170, -275, "B", "DIP", "GND", "GND", "C", 66.93, 66.93, 43.31, 90],
		[151, "H23N1_1", 260, -1830, "T", "DIP", "5V", "", "R", 66.93, 66.93, 43.31, 90],
		[152, "H23N1_1", 260, -1830, "B", "DIP", "5V", "", "R", 66.93, 66.93, 43.31, 90],
		[153, "H23N1_2", 160, -1830, "T", "DIP", "GND", "GND", "C", 66.93, 66.93, 43.31, 90],
		[154, "H23N1_2", 160, -1830, "B", "DIP", "GND", "GND", "C", 66.93, 66.93, 43.31, 90],
		[155, "H23N1_3", 260, -1730, "T", "DIP", "5V", "", "C", 66.93, 66.93, 43.31, 90],
		[156, "H23N1_3", 260, -1730, "B", "DIP", "5V", "", "C", 66.93, 66.93, 43.31, 90],
		[157, "H23N1_4", 160, -1730, "T", "DIP", "GND", "GND", "C", 66.93, 66.93, 43.31, 90],
		[158, "H23N1_4", 160, -1730, "B", "DIP", "GND", "GND", "C", 66.93, 66.93, 43.31, 90],
		[159, "H23N1_5", 260, -1630, "T", "DIP", "5V", "", "C", 66.93, 66.93, 43.31, 90],
		[160, "H23N1_5", 260, -1630, "B", "DIP", "5V", "", "C", 66.93, 66.93, 43.31, 90],
		[161, "H23N1_6", 160, -1630, "T", "DIP", "GND", "GND", "C", 66.93, 66.93, 43.31, 90],
		[162, "H23N1_6", 160, -1630, "B", "DIP", "GND", "GND", "C", 66.93, 66.93, 43.31, 90],
		[163, "H23N1_7", 260, -1530, "T", "DIP", "5V", "", "C", 66.93, 66.93, 43.31, 90],
		[164, "H23N1_7", 260, -1530, "B", "DIP", "5V", "", "C", 66.93, 66.93, 43.31, 90],
		[165, "H23N1_8", 160, -1530, "T", "DIP", "GND", "GND", "C", 66.93, 66.93, 43.31, 90],
		[166, "H23N1_8", 160, -1530, "B", "DIP", "GND", "GND", "C", 66.93, 66.93, 43.31, 90],
		[167, "H23N1_9", 260, -1430, "T", "DIP", "5V", "", "C", 66.93, 66.93, 43.31, 90],
		[168, "H23N1_9", 260, -1430, "B", "DIP", "5V", "", "C", 66.93, 66.93, 43.31, 90],
		[169, "H23N1_10", 160, -1430, "T", "DIP", "GND", "GND", "C", 66.93, 66.93, 43.31, 90],
		[170, "H23N1_10", 160, -1430, "B", "DIP", "GND", "GND", "C", 66.93, 66.93, 43.31, 90],
		[171, "H25_1", 370, -675, "T", "DIP", "H25_1", "", "R", 66.93, 66.93, 43.31, 90],
		[172, "H25_1", 370, -675, "B", "DIP", "H25_1", "", "R", 66.93, 66.93, 43.31, 90],
		[173, "H25_2", 370, -575, "T", "DIP", "H25_2", "", "C", 66.93, 66.93, 43.31, 90],
		[174, "H25_2", 370, -575, "B", "DIP", "H25_2", "", "C", 66.93, 66.93, 43.31, 90],
		[175, "H25_3", 370, -475, "T", "DIP", "PA6", "", "C", 66.93, 66.93, 43.31, 90],
		[176, "H25_3", 370, -475, "B", "DIP", "PA6", "", "C", 66.93, 66.93, 43.31, 90],
		[177, "H25_4", 370, -375, "T", "DIP", "PA3", "", "C", 66.93, 66.93, 43.31, 90],
		[178, "H25_4", 370, -375, "B", "DIP", "PA3", "", "C", 66.93, 66.93, 43.31, 90],
		[179, "H25_5", 370, -275, "T", "DIP", "PA1", "", "C", 66.93, 66.93, 43.31, 90],
		[180, "H25_5", 370, -275, "B", "DIP", "PA1", "", "C", 66.93, 66.93, 43.31, 90],
		[181, "H26_1", 360, -1830, "T", "DIP", "PA0", "", "R", 66.93, 66.93, 43.31, 90],
		[182, "H26_1", 360, -1830, "B", "DIP", "PA0", "", "R", 66.93, 66.93, 43.31, 90],
		[183, "H26_2", 360, -1730, "T", "DIP", "PA2", "", "C", 66.93, 66.93, 43.31, 90],
		[184, "H26_2", 360, -1730, "B", "DIP", "PA2", "", "C", 66.93, 66.93, 43.31, 90],
		[185, "H26_3", 360, -1630, "T", "DIP", "PA6", "", "C", 66.93, 66.93, 43.31, 90],
		[186, "H26_3", 360, -1630, "B", "DIP", "PA6", "", "C", 66.93, 66.93, 43.31, 90],
		[187, "H26_4", 360, -1530, "T", "DIP", "H26_4", "", "C", 66.93, 66.93, 43.31, 90],
		[188, "H26_4", 360, -1530, "B", "DIP", "H26_4", "", "C", 66.93, 66.93, 43.31, 90],
		[189, "H26_5", 360, -1430, "T", "DIP", "H26_5", "", "C", 66.93, 66.93, 43.31, 90],
		[190, "H26_5", 360, -1430, "B", "DIP", "H26_5", "", "C", 66.93, 66.93, 43.31, 90],
		[191, "LED1_1", 1865.2, -1669.72, "T", "SMD", "GND", "GND", "R", 39.37, 49.21, 0, 90],
		[192, "LED1_2", 1865.2, -1756.34, "T", "SMD", "$1N1622", "", "R", 39.37, 49.21, 0, 90],
		[193, "LED2_1", 229.72, -94.8, "T", "SMD", "GND", "GND", "R", 39.37, 49.21, 0, 180],
		[194, "LED2_2", 316.34, -94.8, "T", "SMD", "$1N9704", "", "R", 39.37, 49.21, 0, 180],
		[195, "LED3_1", 229.72, -2024.8, "T", "SMD", "GND", "GND", "R", 39.37, 49.21, 0, 180],
		[196, "LED3_2", 316.34, -2024.8, "T", "SMD", "$1N12766", "", "R", 39.37, 49.21, 0, 180],
		[197, "LED4_1", 1839.8, -1175.28, "T", "SMD", "GND", "GND", "R", 39.37, 49.21, 0, 270],
		[198, "LED4_2", 1839.8, -1088.66, "T", "SMD", "$1N14398", "", "R", 39.37, 49.21, 0, 270],
		[199, "LED5_1", 2830.28, -2024.41, "T", "SMD", "GND", "GND", "R", 39.37, 49.21, 0, 0],
		[200, "LED5_2", 2743.66, -2024.41, "T", "SMD", "$1N16652", "", "R", 39.37, 49.21, 0, 0],
		[201, "LED6_1", 2830.28, -95.2, "T", "SMD", "GND", "GND", "R", 39.37, 49.21, 0, 0],
		[202, "LED6_2", 2743.66, -95.2, "T", "SMD", "$1N16720", "", "R", 39.37, 49.21, 0, 0],
		[203, "MIC_1", 2394.37, -1490, "T", "DIP", "MIC-", "", "C", 62.99, 62.99, 35.43, 180],
		[204, "MIC_1", 2394.37, -1490, "B", "DIP", "MIC-", "", "C", 62.99, 62.99, 35.43, 180],
		[205, "MIC_2", 2315.63, -1490, "T", "DIP", "MIC+", "", "C", 62.99, 62.99, 35.43, 180],
		[206, "MIC_2", 2315.63, -1490, "B", "DIP", "MIC+", "", "C", 62.99, 62.99, 35.43, 180],
		[207, "R1_1", 1865, -2009.37, "T", "SMD", "5V", "", "R", 44.59, 54.21, 0, 90],
		[208, "R1_2", 1865, -1930.63, "T", "SMD", "$1N1622", "", "R", 44.59, 54.21, 0, 90],
		[209, "R2_1", 480.35, -95, "T", "SMD", "PB0", "", "R", 44.59, 54.21, 0, 180],
		[210, "R2_2", 401.61, -95, "T", "SMD", "$1N9704", "", "R", 44.59, 54.21, 0, 180],
		[211, "R3_1", 480.35, -2023.1, "T", "SMD", "PB0", "", "R", 44.59, 54.21, 0, 180],
		[212, "R3_2", 401.61, -2023.1, "T", "SMD", "$1N12766", "", "R", 44.59, 54.21, 0, 180],
		[213, "R4_1", 1835.63, -917.52, "T", "SMD", "3V3", "", "R", 44.59, 54.21, 0, 270],
		[214, "R4_2", 1835.63, -996.26, "T", "SMD", "$1N14398", "", "R", 44.59, 54.21, 0, 270],
		[215, "R5_1", 2577.54, -2023.1, "T", "SMD", "PB1", "", "R", 44.59, 54.21, 0, 0],
		[216, "R5_2", 2656.28, -2023.1, "T", "SMD", "$1N16652", "", "R", 44.59, 54.21, 0, 0],
		[217, "R6_1", 2577.54, -95, "T", "SMD", "PB1", "", "R", 44.59, 54.21, 0, 0],
		[218, "R6_2", 2656.28, -95, "T", "SMD", "$1N16720", "", "R", 44.59, 54.21, 0, 0],
		[219, "SPK_1", 2694.37, -1490, "T", "DIP", "SPK-", "", "C", 62.99, 62.99, 35.43, 180],
		[220, "SPK_1", 2694.37, -1490, "B", "DIP", "SPK-", "", "C", 62.99, 62.99, 35.43, 180],
		[221, "SPK_2", 2615.63, -1490, "T", "DIP", "SPK+", "", "C", 62.99, 62.99, 35.43, 180],
		[222, "SPK_2", 2615.63, -1490, "B", "DIP", "SPK+", "", "C", 62.99, 62.99, 35.43, 180],
		[223, "SW1_1", 2046.59, -1133.74, "T", "DIP", "GND", "GND", "R", 62.99, 62.99, 39.37, 270],
		[224, "SW1_1", 2046.59, -1133.74, "B", "DIP", "GND", "GND", "R", 62.99, 62.99, 39.37, 270],
		[225, "SW1_2", 2046.58, -1055, "T", "DIP", "GND", "GND", "C", 62.99, 62.99, 39.37, 270],
		[226, "SW1_2", 2046.58, -1055, "B", "DIP", "GND", "GND", "C", 62.99, 62.99, 39.37, 270],
		[227, "SW1_3", 2046.58, -976.26, "T", "DIP", "GND", "GND", "C", 62.99, 62.99, 39.37, 270],
		[228, "SW1_3", 2046.58, -976.26, "B", "DIP", "GND", "GND", "C", 62.99, 62.99, 39.37, 270],
		[229, "SW1_4", 2243.43, -1133.74, "T", "DIP", "B5V", "", "C", 62.99, 62.99, 39.37, 270],
		[230, "SW1_4", 2243.43, -1133.74, "B", "DIP", "B5V", "", "C", 62.99, 62.99, 39.37, 270],
		[231, "SW1_5", 2243.43, -1055, "T", "DIP", "BVCC", "", "C", 62.99, 62.99, 39.37, 270],
		[232, "SW1_5", 2243.43, -1055, "B", "DIP", "BVCC", "", "C", 62.99, 62.99, 39.37, 270],
		[233, "SW1_6", 2243.43, -976.26, "T", "DIP", "BVCC", "", "C", 62.99, 62.99, 39.37, 270],
		[234, "SW1_6", 2243.43, -976.26, "B", "DIP", "BVCC", "", "C", 62.99, 62.99, 39.37, 270],
		[235, "U1_1", 1455, -2010, "T", "DIP", "PB12", "", "C", 62.99, 62.99, 39.37, 90],
		[236, "U1_1", 1455, -2010, "B", "DIP", "PB12", "", "C", 62.99, 62.99, 39.37, 90],
		[237, "U1_2", 1455, -1910, "T", "DIP", "PB13", "", "C", 62.99, 62.99, 39.37, 90],
		[238, "U1_2", 1455, -1910, "B", "DIP", "PB13", "", "C", 62.99, 62.99, 39.37, 90],
		[239, "U1_3", 1455, -1810, "T", "DIP", "PB14", "", "C", 62.99, 62.99, 39.37, 90],
		[240, "U1_3", 1455, -1810, "B", "DIP", "PB14", "", "C", 62.99, 62.99, 39.37, 90],
		[241, "U1_4", 1455, -1710, "T", "DIP", "PB15", "", "C", 62.99, 62.99, 39.37, 90],
		[242, "U1_4", 1455, -1710, "B", "DIP", "PB15", "", "C", 62.99, 62.99, 39.37, 90],
		[243, "U1_5", 1455, -1610, "T", "DIP", "PA8", "", "C", 62.99, 62.99, 39.37, 90],
		[244, "U1_5", 1455, -1610, "B", "DIP", "PA8", "", "C", 62.99, 62.99, 39.37, 90],
		[245, "U1_6", 1455, -1510, "T", "DIP", "PA9", "", "C", 62.99, 62.99, 39.37, 90],
		[246, "U1_6", 1455, -1510, "B", "DIP", "PA9", "", "C", 62.99, 62.99, 39.37, 90],
		[247, "U1_7", 1455, -1410, "T", "DIP", "PA10", "", "C", 62.99, 62.99, 39.37, 90],
		[248, "U1_7", 1455, -1410, "B", "DIP", "PA10", "", "C", 62.99, 62.99, 39.37, 90],
		[249, "U1_8", 1455, -1310, "T", "DIP", "PA11", "", "C", 62.99, 62.99, 39.37, 90],
		[250, "U1_8", 1455, -1310, "B", "DIP", "PA11", "", "C", 62.99, 62.99, 39.37, 90],
		[251, "U1_9", 1455, -1210, "T", "DIP", "PA12", "", "C", 62.99, 62.99, 39.37, 90],
		[252, "U1_9", 1455, -1210, "B", "DIP", "PA12", "", "C", 62.99, 62.99, 39.37, 90],
		[253, "U1_10", 1455, -1110, "T", "DIP", "PA15", "", "C", 62.99, 62.99, 39.37, 90],
		[254, "U1_10", 1455, -1110, "B", "DIP", "PA15", "", "C", 62.99, 62.99, 39.37, 90],
		[255, "U1_11", 1455, -1010, "T", "DIP", "PB3", "", "C", 62.99, 62.99, 39.37, 90],
		[256, "U1_11", 1455, -1010, "B", "DIP", "PB3", "", "C", 62.99, 62.99, 39.37, 90],
		[257, "U1_12", 1455, -910, "T", "DIP", "PB4", "", "C", 62.99, 62.99, 39.37, 90],
		[258, "U1_12", 1455, -910, "B", "DIP", "PB4", "", "C", 62.99, 62.99, 39.37, 90],
		[259, "U1_13", 1455, -810, "T", "DIP", "PB5", "", "C", 62.99, 62.99, 39.37, 90],
		[260, "U1_13", 1455, -810, "B", "DIP", "PB5", "", "C", 62.99, 62.99, 39.37, 90],
		[261, "U1_14", 1455, -710, "T", "DIP", "PB6", "", "C", 62.99, 62.99, 39.37, 90],
		[262, "U1_14", 1455, -710, "B", "DIP", "PB6", "", "C", 62.99, 62.99, 39.37, 90],
		[263, "U1_15", 1455, -610, "T", "DIP", "PB7", "", "C", 62.99, 62.99, 39.37, 90],
		[264, "U1_15", 1455, -610, "B", "DIP", "PB7", "", "C", 62.99, 62.99, 39.37, 90],
		[265, "U1_16", 1455, -510, "T", "DIP", "PB8", "", "C", 62.99, 62.99, 39.37, 90],
		[266, "U1_16", 1455, -510, "B", "DIP", "PB8", "", "C", 62.99, 62.99, 39.37, 90],
		[267, "U1_17", 1455, -410, "T", "DIP", "PB9", "", "C", 62.99, 62.99, 39.37, 90],
		[268, "U1_17", 1455, -410, "B", "DIP", "PB9", "", "C", 62.99, 62.99, 39.37, 90],
		[269, "U1_18", 1455, -310, "T", "DIP", "5V", "", "C", 62.99, 62.99, 39.37, 90],
		[270, "U1_18", 1455, -310, "B", "DIP", "5V", "", "C", 62.99, 62.99, 39.37, 90],
		[271, "U1_19", 1455, -210, "T", "DIP", "GND", "GND", "C", 62.99, 62.99, 39.37, 90],
		[272, "U1_19", 1455, -210, "B", "DIP", "GND", "GND", "C", 62.99, 62.99, 39.37, 90],
		[273, "U1_20", 1455, -110, "T", "DIP", "3.3V", "", "C", 62.99, 62.99, 39.37, 90],
		[274, "U1_20", 1455, -110, "B", "DIP", "3.3V", "", "C", 62.99, 62.99, 39.37, 90],
		[275, "U1_21", 855, -110, "T", "DIP", "3.3V", "", "C", 62.99, 62.99, 39.37, 90],
		[276, "U1_21", 855, -110, "B", "DIP", "3.3V", "", "C", 62.99, 62.99, 39.37, 90],
		[277, "U1_22", 855, -210, "T", "DIP", "PC13", "", "C", 62.99, 62.99, 39.37, 90],
		[278, "U1_22", 855, -210, "B", "DIP", "PC13", "", "C", 62.99, 62.99, 39.37, 90],
		[279, "U1_23", 855, -310, "T", "DIP", "PC14", "", "C", 62.99, 62.99, 39.37, 90],
		[280, "U1_23", 855, -310, "B", "DIP", "PC14", "", "C", 62.99, 62.99, 39.37, 90],
		[281, "U1_24", 855, -410, "T", "DIP", "PC15", "", "C", 62.99, 62.99, 39.37, 90],
		[282, "U1_24", 855, -410, "B", "DIP", "PC15", "", "C", 62.99, 62.99, 39.37, 90],
		[283, "U1_25", 855, -510, "T", "DIP", "PA0", "", "C", 62.99, 62.99, 39.37, 90],
		[284, "U1_25", 855, -510, "B", "DIP", "PA0", "", "C", 62.99, 62.99, 39.37, 90],
		[285, "U1_26", 855, -610, "T", "DIP", "PA1", "", "C", 62.99, 62.99, 39.37, 90],
		[286, "U1_26", 855, -610, "B", "DIP", "PA1", "", "C", 62.99, 62.99, 39.37, 90],
		[287, "U1_27", 855, -710, "T", "DIP", "PA2", "", "C", 62.99, 62.99, 39.37, 90],
		[288, "U1_27", 855, -710, "B", "DIP", "PA2", "", "C", 62.99, 62.99, 39.37, 90],
		[289, "U1_28", 855, -810, "T", "DIP", "PA3", "", "C", 62.99, 62.99, 39.37, 90],
		[290, "U1_28", 855, -810, "B", "DIP", "PA3", "", "C", 62.99, 62.99, 39.37, 90],
		[291, "U1_29", 855, -910, "T", "DIP", "PA4", "", "C", 62.99, 62.99, 39.37, 90],
		[292, "U1_29", 855, -910, "B", "DIP", "PA4", "", "C", 62.99, 62.99, 39.37, 90],
		[293, "U1_30", 855, -1010, "T", "DIP", "PA5", "", "C", 62.99, 62.99, 39.37, 90],
		[294, "U1_30", 855, -1010, "B", "DIP", "PA5", "", "C", 62.99, 62.99, 39.37, 90],
		[295, "U1_31", 855, -1110, "T", "DIP", "PA6", "", "C", 62.99, 62.99, 39.37, 90],
		[296, "U1_31", 855, -1110, "B", "DIP", "PA6", "", "C", 62.99, 62.99, 39.37, 90],
		[297, "U1_32", 855, -1210, "T", "DIP", "PA7", "", "C", 62.99, 62.99, 39.37, 90],
		[298, "U1_32", 855, -1210, "B", "DIP", "PA7", "", "C", 62.99, 62.99, 39.37, 90],
		[299, "U1_33", 855, -1310, "T", "DIP", "PB0", "", "C", 62.99, 62.99, 39.37, 90],
		[300, "U1_33", 855, -1310, "B", "DIP", "PB0", "", "C", 62.99, 62.99, 39.37, 90],
		[301, "U1_34", 855, -1410, "T", "DIP", "PB1", "", "C", 62.99, 62.99, 39.37, 90],
		[302, "U1_34", 855, -1410, "B", "DIP", "PB1", "", "C", 62.99, 62.99, 39.37, 90],
		[303, "U1_35", 855, -1510, "T", "DIP", "PB10", "", "C", 62.99, 62.99, 39.37, 90],
		[304, "U1_35", 855, -1510, "B", "DIP", "PB10", "", "C", 62.99, 62.99, 39.37, 90],
		[305, "U1_36", 855, -1610, "T", "DIP", "PB11", "", "C", 62.99, 62.99, 39.37, 90],
		[306, "U1_36", 855, -1610, "B", "DIP", "PB11", "", "C", 62.99, 62.99, 39.37, 90],
		[307, "U1_37", 855, -1710, "T", "DIP", "NRST", "", "C", 62.99, 62.99, 39.37, 90],
		[308, "U1_37", 855, -1710, "B", "DIP", "NRST", "", "C", 62.99, 62.99, 39.37, 90],
		[309, "U1_38", 855, -1810, "T", "DIP", "3.3V", "", "C", 62.99, 62.99, 39.37, 90],
		[310, "U1_38", 855, -1810, "B", "DIP", "3.3V", "", "C", 62.99, 62.99, 39.37, 90],
		[311, "U1_39", 855, -1910, "T", "DIP", "GND", "GND", "C", 62.99, 62.99, 39.37, 90],
		[312, "U1_39", 855, -1910, "B", "DIP", "GND", "GND", "C", 62.99, 62.99, 39.37, 90],
		[313, "U1_40", 855, -2010, "T", "DIP", "GND", "GND", "C", 62.99, 62.99, 39.37, 90],
		[314, "U1_40", 855, -2010, "B", "DIP", "GND", "GND", "C", 62.99, 62.99, 39.37, 90],
		[315, "U6_1", 2411.38, -873.62, "T", "SMD", "BGND", "", "O", 102.36, 157.48, 0, 270],
		[316, "U6_2", 2411.38, -1235.83, "T", "SMD", "B5V", "", "O", 102.36, 157.48, 0, 270],
		[317, "U6_3", 2769.65, -818.5, "T", "SMD", "5V", "", "O", 133.86, 70.87, 0, 270],
		[318, "U6_4", 2769.65, -1290.94, "T", "SMD", "GND", "GND", "O", 133.86, 70.87, 0, 270],
		[319, "U8_1", 1910.08, -695, "T", "DIP", "5V", "", "C", 55.12, 55.12, 23.62, 90],
		[320, "U8_1", 1910.08, -695, "B", "DIP", "5V", "", "C", 55.12, 55.12, 23.62, 90],
		[321, "U8_2", 1988.82, -695, "T", "DIP", "GND", "GND", "C", 55.12, 55.12, 23.62, 90],
		[322, "U8_2", 1988.82, -695, "B", "DIP", "GND", "GND", "C", 55.12, 55.12, 23.62, 90],
		[323, "U8_3", 2067.56, -695, "T", "DIP", "3V3", "", "C", 55.12, 55.12, 23.62, 90],
		[324, "U8_3", 2067.56, -695, "B", "DIP", "3V3", "", "C", 55.12, 55.12, 23.62, 90],
		[325, "U8_4", 2146.3, -695, "T", "DIP", "U8_4", "", "C", 55.12, 55.12, 23.62, 90],
		[326, "U8_4", 2146.3, -695, "B", "DIP", "U8_4", "", "C", 55.12, 55.12, 23.62, 90],
		[327, "U8_5", 2225.04, -695, "T", "DIP", "PA10", "", "C", 55.12, 55.12, 23.62, 90],
		[328, "U8_5", 2225.04, -695, "B", "DIP", "PA10", "", "C", 55.12, 55.12, 23.62, 90],
		[329, "U8_6", 2303.78, -695, "T", "DIP", "PA9", "", "C", 55.12, 55.12, 23.62, 90],
		[330, "U8_6", 2303.78, -695, "B", "DIP", "PA9", "", "C", 55.12, 55.12, 23.62, 90],
		[331, "U8_7", 2382.52, -695, "T", "DIP", "U8_7", "", "C", 55.12, 55.12, 23.62, 90],
		[332, "U8_7", 2382.52, -695, "B", "DIP", "U8_7", "", "C", 55.12, 55.12, 23.62, 90],
		[333, "U8_8", 2461.26, -695, "T", "DIP", "MIC-", "", "C", 55.12, 55.12, 23.62, 90],
		[334, "U8_8", 2461.26, -695, "B", "DIP", "MIC-", "", "C", 55.12, 55.12, 23.62, 90],
		[335, "U8_9", 2540, -695, "T", "DIP", "MIC+", "", "C", 55.12, 55.12, 23.62, 90],
		[336, "U8_9", 2540, -695, "B", "DIP", "MIC+", "", "C", 55.12, 55.12, 23.62, 90],
		[337, "U8_10", 2540, -183.19, "T", "DIP", "U8_10", "", "C", 55.12, 55.12, 23.62, 90],
		[338, "U8_10", 2540, -183.19, "B", "DIP", "U8_10", "", "C", 55.12, 55.12, 23.62, 90],
		[339, "U8_11", 2461.26, -183.19, "T", "DIP", "U8_11", "", "C", 55.12, 55.12, 23.62, 90],
		[340, "U8_11", 2461.26, -183.19, "B", "DIP", "U8_11", "", "C", 55.12, 55.12, 23.62, 90],
		[341, "U8_12", 2382.52, -183.19, "T", "DIP", "U8_12", "", "C", 55.12, 55.12, 23.62, 90],
		[342, "U8_12", 2382.52, -183.19, "B", "DIP", "U8_12", "", "C", 55.12, 55.12, 23.62, 90],
		[343, "U8_13", 2303.78, -183.19, "T", "DIP", "U8_13", "", "C", 55.12, 55.12, 23.62, 90],
		[344, "U8_13", 2303.78, -183.19, "B", "DIP", "U8_13", "", "C", 55.12, 55.12, 23.62, 90],
		[345, "U8_14", 2225.04, -183.19, "T", "DIP", "U8_14", "", "C", 55.12, 55.12, 23.62, 90],
		[346, "U8_14", 2225.04, -183.19, "B", "DIP", "U8_14", "", "C", 55.12, 55.12, 23.62, 90],
		[347, "U8_15", 2146.3, -183.19, "T", "DIP", "U8_15", "", "C", 55.12, 55.12, 23.62, 90],
		[348, "U8_15", 2146.3, -183.19, "B", "DIP", "U8_15", "", "C", 55.12, 55.12, 23.62, 90],
		[349, "U8_16", 2067.56, -183.19, "T", "DIP", "U8_16", "", "C", 55.12, 55.12, 23.62, 90],
		[350, "U8_16", 2067.56, -183.19, "B", "DIP", "U8_16", "", "C", 55.12, 55.12, 23.62, 90],
		[351, "U8_17", 1988.82, -183.19, "T", "DIP", "SPK-", "", "C", 55.12, 55.12, 23.62, 90],
		[352, "U8_17", 1988.82, -183.19, "B", "DIP", "SPK-", "", "C", 55.12, 55.12, 23.62, 90],
		[353, "U8_18", 1910.08, -183.19, "T", "DIP", "SPK+", "", "C", 55.12, 55.12, 23.62, 90],
		[354, "U8_18", 1910.08, -183.19, "B", "DIP", "SPK+", "", "C", 55.12, 55.12, 23.62, 90]
	]
}
}